Sample,Predicted_D10
B816,2.9741495487776524
Bacillus_sp_B630,1.4871172818141396
PVC_16_1,1.0
