Sample,Predicted_D10
Deinococcus_cellulosilyticus_NBRC_106333_ASM799077v1,9.46954099525168
Deinococcus_geothermalis_DSM_11300_ASM19627v1a,4.988958629174155
PVC_7_3,0.3790661417357931
