Statistic,Original_Value,Transformed_Value
count,3.0,3.0
mean,4.945855255387209,-0.5463462471961975
std,4.545390708313757,1.3355457782745361
min,0.3790661417357931,-2.0150306224823
25%,2.684012385454974,-1.117175966501236
50%,4.988958629174155,-0.21932128071784973
75%,7.229249812212918,0.18799591064453125
max,9.46954099525168,0.5953130722045898
