Sample,Transformed_D10,Predicted_D10
Deinococcus_cellulosilyticus_NBRC_106333_ASM799077v1,0.5953131,9.46954099525168
Deinococcus_geothermalis_DSM_11300_ASM19627v1a,-0.21932128,4.988958629174155
PVC_7_3,-2.0150306,0.3790661417357931
